mode,seed,bin_start,bin_end,bin_center,generated_packets,delivered_packets,delivery_ratio,average_hop_count
centralized,20260811,0.0,5.0,2.5,0,0,,
centralized,20260811,5.0,10.0,7.5,492,491,0.9979674796747967,8.232179226069247
centralized,20260811,10.0,15.0,12.5,488,487,0.9979508196721312,8.293634496919918
centralized,20260811,15.0,20.0,17.5,513,513,1.0,8.196881091617934
centralized,20260811,20.0,25.0,22.5,493,493,1.0,7.9574036511156185
centralized,20260811,25.0,30.0,27.5,505,505,1.0,7.758415841584158
centralized,20260811,30.0,35.0,32.5,497,497,1.0,7.245472837022133
centralized,20260811,35.0,40.0,37.5,506,506,1.0,7.252964426877471
centralized,20260811,40.0,45.0,42.5,488,488,1.0,7.262295081967213
centralized,20260811,45.0,50.0,47.5,502,502,1.0,7.468127490039841
centralized,20260811,50.0,55.0,52.5,502,500,0.9960159362549801,8.834
centralized,20260811,55.0,60.0,57.5,495,495,1.0,8.741414141414142
centralized,20260811,60.0,65.0,62.5,499,495,0.9919839679358717,8.404040404040405
centralized,20260811,65.0,70.0,67.5,512,508,0.9921875,8.279527559055119
centralized,20260811,70.0,75.0,72.5,490,484,0.9877551020408163,7.940082644628099
centralized,20260811,75.0,80.0,77.5,513,510,0.9941520467836257,8.188235294117646
centralized,20260811,80.0,85.0,82.5,497,495,0.9959758551307847,8.204040404040404
centralized,20260811,85.0,90.0,87.5,496,494,0.9959677419354839,8.012145748987853
centralized,20260811,90.0,95.0,92.5,508,501,0.9862204724409449,7.810379241516966
centralized,20260811,95.0,100.0,97.5,492,485,0.9857723577235772,7.645360824742268
centralized,20260811,100.0,105.0,102.5,503,498,0.9900596421471173,7.514056224899599
centralized,20260811,105.0,110.0,107.5,491,259,0.5274949083503055,8.003861003861005
centralized,20260811,110.0,115.0,112.5,508,253,0.49803149606299213,8.450592885375494
centralized,20260811,115.0,120.0,117.5,506,253,0.5,9.055335968379447
centralized,20260811,120.0,125.0,122.5,495,239,0.48282828282828283,8.903765690376568
centralized,20260811,125.0,130.0,127.5,495,219,0.44242424242424244,8.963470319634704
centralized,20260811,130.0,135.0,132.5,506,180,0.3557312252964427,7.7
centralized,20260811,135.0,140.0,137.5,488,164,0.3360655737704918,7.0
centralized,20260811,140.0,145.0,142.5,508,181,0.3562992125984252,7.0
centralized,20260811,145.0,150.0,147.5,503,193,0.3836978131212724,6.989637305699482
centralized,20260811,150.0,155.0,152.5,498,495,0.9939759036144579,8.434343434343434
centralized,20260811,155.0,160.0,157.5,507,507,1.0,8.499013806706115
centralized,20260811,160.0,165.0,162.5,492,492,1.0,8.272357723577235
centralized,20260811,165.0,170.0,167.5,490,490,1.0,8.071428571428571
centralized,20260811,170.0,175.0,172.5,514,514,1.0,7.904669260700389
centralized,20260811,175.0,180.0,177.5,504,504,1.0,7.7063492063492065
centralized,20260811,180.0,185.0,182.5,492,492,1.0,7.5528455284552845
centralized,20260811,185.0,190.0,187.5,508,508,1.0,7.5984251968503935
centralized,20260811,190.0,195.0,192.5,480,480,1.0,7.766666666666667
centralized,20260811,195.0,200.0,197.5,444,428,0.963963963963964,7.757009345794392
distributed,20260811,0.0,5.0,2.5,0,0,,
distributed,20260811,5.0,10.0,7.5,480,480,1.0,8.252083333333333
distributed,20260811,10.0,15.0,12.5,516,516,1.0,8.30813953488372
distributed,20260811,15.0,20.0,17.5,500,500,1.0,8.212
distributed,20260811,20.0,25.0,22.5,496,496,1.0,7.943548387096774
distributed,20260811,25.0,30.0,27.5,488,488,1.0,7.776639344262295
distributed,20260811,30.0,35.0,32.5,512,512,1.0,7.255859375
distributed,20260811,35.0,40.0,37.5,488,488,1.0,7.25
distributed,20260811,40.0,45.0,42.5,512,512,1.0,7.265625
distributed,20260811,45.0,50.0,47.5,488,488,1.0,7.469262295081967
distributed,20260811,50.0,55.0,52.5,515,515,1.0,9.137864077669903
distributed,20260811,55.0,60.0,57.5,487,487,1.0,8.794661190965092
distributed,20260811,60.0,65.0,62.5,514,514,1.0,8.519455252918288
distributed,20260811,65.0,70.0,67.5,492,492,1.0,8.308943089430894
distributed,20260811,70.0,75.0,72.5,491,491,1.0,8.19755600814664
distributed,20260811,75.0,80.0,77.5,512,512,1.0,8.25
distributed,20260811,80.0,85.0,82.5,495,495,1.0,8.404040404040405
distributed,20260811,85.0,90.0,87.5,509,509,1.0,8.163064833005894
distributed,20260811,90.0,95.0,92.5,485,485,1.0,8.111340206185567
distributed,20260811,95.0,100.0,97.5,516,516,1.0,7.825581395348837
distributed,20260811,100.0,105.0,102.5,495,495,1.0,7.725252525252525
distributed,20260811,105.0,110.0,107.5,505,420,0.8316831683168316,8.483333333333333
distributed,20260811,110.0,115.0,112.5,482,482,1.0,8.809128630705395
distributed,20260811,115.0,120.0,117.5,506,506,1.0,9.011857707509881
distributed,20260811,120.0,125.0,122.5,508,508,1.0,9.068897637795276
distributed,20260811,125.0,130.0,127.5,491,491,1.0,9.09775967413442
distributed,20260811,130.0,135.0,132.5,505,504,0.998019801980198,9.027777777777779
distributed,20260811,135.0,140.0,137.5,503,503,1.0,8.262425447316103
distributed,20260811,140.0,145.0,142.5,489,489,1.0,8.231083844580777
distributed,20260811,145.0,150.0,147.5,509,509,1.0,8.206286836935167
distributed,20260811,150.0,155.0,152.5,507,507,1.0,8.3767258382643
distributed,20260811,155.0,160.0,157.5,488,488,1.0,8.487704918032787
distributed,20260811,160.0,165.0,162.5,510,510,1.0,8.190196078431372
distributed,20260811,165.0,170.0,167.5,488,488,1.0,8.05327868852459
distributed,20260811,170.0,175.0,172.5,505,505,1.0,7.889108910891089
distributed,20260811,175.0,180.0,177.5,507,507,1.0,7.714003944773175
distributed,20260811,180.0,185.0,182.5,490,490,1.0,7.563265306122449
distributed,20260811,185.0,190.0,187.5,508,508,1.0,7.570866141732283
distributed,20260811,190.0,195.0,192.5,492,492,1.0,7.784552845528455
distributed,20260811,195.0,200.0,197.5,429,423,0.986013986013986,7.7706855791962175
centralized,20260812,0.0,5.0,2.5,0,0,,
centralized,20260812,5.0,10.0,7.5,488,488,1.0,8.258196721311476
centralized,20260812,10.0,15.0,12.5,508,508,1.0,8.220472440944881
centralized,20260812,15.0,20.0,17.5,488,488,1.0,8.23360655737705
centralized,20260812,20.0,25.0,22.5,492,492,1.0,8.048780487804878
centralized,20260812,25.0,30.0,27.5,517,515,0.9961315280464217,7.887378640776699
centralized,20260812,30.0,35.0,32.5,503,503,1.0,7.288270377733598
centralized,20260812,35.0,40.0,37.5,492,492,1.0,7.317073170731708
centralized,20260812,40.0,45.0,42.5,491,490,0.9979633401221996,7.355102040816327
centralized,20260812,45.0,50.0,47.5,513,513,1.0,7.3996101364522415
centralized,20260812,50.0,55.0,52.5,486,479,0.98559670781893,8.974947807933194
centralized,20260812,55.0,60.0,57.5,514,511,0.9941634241245136,8.818003913894325
centralized,20260812,60.0,65.0,62.5,490,485,0.9897959183673469,8.542268041237113
centralized,20260812,65.0,70.0,67.5,512,509,0.994140625,8.220039292730846
centralized,20260812,70.0,75.0,72.5,486,480,0.9876543209876543,8.045833333333333
centralized,20260812,75.0,80.0,77.5,512,508,0.9921875,8.090551181102363
centralized,20260812,80.0,85.0,82.5,500,493,0.986,8.144016227180527
centralized,20260812,85.0,90.0,87.5,492,487,0.9898373983739838,8.096509240246407
centralized,20260812,90.0,95.0,92.5,495,489,0.9878787878787879,7.801635991820041
centralized,20260812,95.0,100.0,97.5,517,511,0.988394584139265,7.731898238747553
centralized,20260812,100.0,105.0,102.5,488,486,0.9959016393442623,7.360082304526749
centralized,20260812,105.0,110.0,107.5,511,257,0.50293542074364,7.824902723735408
centralized,20260812,110.0,115.0,112.5,493,247,0.5010141987829615,8.20242914979757
centralized,20260812,115.0,120.0,117.5,508,252,0.49606299212598426,8.396825396825397
centralized,20260812,120.0,125.0,122.5,496,232,0.46774193548387094,8.431034482758621
centralized,20260812,125.0,130.0,127.5,494,216,0.43724696356275305,8.902777777777779
centralized,20260812,130.0,135.0,132.5,504,178,0.3531746031746032,7.685393258426966
centralized,20260812,135.0,140.0,137.5,505,165,0.32673267326732675,7.0
centralized,20260812,140.0,145.0,142.5,487,171,0.351129363449692,7.0
centralized,20260812,145.0,150.0,147.5,508,192,0.3779527559055118,7.0
centralized,20260812,150.0,155.0,152.5,506,506,1.0,8.41897233201581
centralized,20260812,155.0,160.0,157.5,488,488,1.0,8.35655737704918
centralized,20260812,160.0,165.0,162.5,505,505,1.0,8.184158415841583
centralized,20260812,165.0,170.0,167.5,507,507,1.0,7.9191321499013805
centralized,20260812,170.0,175.0,172.5,492,492,1.0,7.878048780487805
centralized,20260812,175.0,180.0,177.5,503,503,1.0,7.719681908548708
centralized,20260812,180.0,185.0,182.5,493,493,1.0,7.588235294117647
centralized,20260812,185.0,190.0,187.5,507,507,1.0,7.619329388560158
centralized,20260812,190.0,195.0,192.5,505,505,1.0,7.910891089108911
centralized,20260812,195.0,200.0,197.5,418,404,0.9665071770334929,8.024752475247524
distributed,20260812,0.0,5.0,2.5,0,0,,
distributed,20260812,5.0,10.0,7.5,488,488,1.0,8.258196721311476
distributed,20260812,10.0,15.0,12.5,496,496,1.0,8.233870967741936
distributed,20260812,15.0,20.0,17.5,508,508,1.0,8.220472440944881
distributed,20260812,20.0,25.0,22.5,495,495,1.0,8.038383838383838
distributed,20260812,25.0,30.0,27.5,509,509,1.0,8.00196463654224
distributed,20260812,30.0,35.0,32.5,496,496,1.0,7.290322580645161
distributed,20260812,35.0,40.0,37.5,491,491,1.0,7.3095723014256615
distributed,20260812,40.0,45.0,42.5,513,513,1.0,7.37037037037037
distributed,20260812,45.0,50.0,47.5,493,493,1.0,7.371196754563894
distributed,20260812,50.0,55.0,52.5,493,492,0.9979716024340771,9.40650406504065
distributed,20260812,55.0,60.0,57.5,509,509,1.0,8.921414538310412
distributed,20260812,60.0,65.0,62.5,485,485,1.0,8.614432989690721
distributed,20260812,65.0,70.0,67.5,513,513,1.0,8.348927875243664
distributed,20260812,70.0,75.0,72.5,488,488,1.0,8.262295081967213
distributed,20260812,75.0,80.0,77.5,503,503,1.0,8.145129224652088
distributed,20260812,80.0,85.0,82.5,515,515,1.0,8.310679611650485
distributed,20260812,85.0,90.0,87.5,489,489,1.0,8.341513292433538
distributed,20260812,90.0,95.0,92.5,495,495,1.0,8.054545454545455
distributed,20260812,95.0,100.0,97.5,516,516,1.0,7.908914728682171
distributed,20260812,100.0,105.0,102.5,501,501,1.0,7.485029940119761
distributed,20260812,105.0,110.0,107.5,485,409,0.843298969072165,8.317848410757946
distributed,20260812,110.0,115.0,112.5,515,515,1.0,8.615533980582525
distributed,20260812,115.0,120.0,117.5,494,494,1.0,8.696356275303645
distributed,20260812,120.0,125.0,122.5,503,503,1.0,8.894632206759443
distributed,20260812,125.0,130.0,127.5,496,496,1.0,9.0625
distributed,20260812,130.0,135.0,132.5,493,493,1.0,9.279918864097363
distributed,20260812,135.0,140.0,137.5,506,506,1.0,8.438735177865613
distributed,20260812,140.0,145.0,142.5,498,498,1.0,8.281124497991968
distributed,20260812,145.0,150.0,147.5,493,493,1.0,8.156186612576064
distributed,20260812,150.0,155.0,152.5,503,503,1.0,8.38568588469185
distributed,20260812,155.0,160.0,157.5,509,509,1.0,8.524557956777995
distributed,20260812,160.0,165.0,162.5,499,499,1.0,8.156312625250502
distributed,20260812,165.0,170.0,167.5,495,495,1.0,7.917171717171717
distributed,20260812,170.0,175.0,172.5,493,493,1.0,7.8681541582150105
distributed,20260812,175.0,180.0,177.5,513,513,1.0,7.7329434697855755
distributed,20260812,180.0,185.0,182.5,491,491,1.0,7.608961303462322
distributed,20260812,185.0,190.0,187.5,512,512,1.0,7.666015625
distributed,20260812,190.0,195.0,192.5,494,494,1.0,7.91497975708502
distributed,20260812,195.0,200.0,197.5,426,426,1.0,8.044600938967136
centralized,20260813,0.0,5.0,2.5,0,0,,
centralized,20260813,5.0,10.0,7.5,488,487,0.9979508196721312,8.24640657084189
centralized,20260813,10.0,15.0,12.5,500,500,1.0,8.204
centralized,20260813,15.0,20.0,17.5,494,494,1.0,8.17004048582996
centralized,20260813,20.0,25.0,22.5,514,514,1.0,7.992217898832685
centralized,20260813,25.0,30.0,27.5,496,496,1.0,7.616935483870968
centralized,20260813,30.0,35.0,32.5,493,493,1.0,7.233265720081136
centralized,20260813,35.0,40.0,37.5,503,503,1.0,7.240556660039761
centralized,20260813,40.0,45.0,42.5,492,492,1.0,7.252032520325203
centralized,20260813,45.0,50.0,47.5,505,505,1.0,7.293069306930693
centralized,20260813,50.0,55.0,52.5,511,507,0.9921722113502935,8.921104536489151
centralized,20260813,55.0,60.0,57.5,493,489,0.9918864097363083,8.707566462167689
centralized,20260813,60.0,65.0,62.5,487,486,0.997946611909651,8.54320987654321
centralized,20260813,65.0,70.0,67.5,501,496,0.9900199600798403,8.171370967741936
centralized,20260813,70.0,75.0,72.5,503,500,0.9940357852882704,8.006
centralized,20260813,75.0,80.0,77.5,508,507,0.9980314960629921,8.201183431952662
centralized,20260813,80.0,85.0,82.5,491,484,0.9857433808553971,8.041322314049587
centralized,20260813,85.0,90.0,87.5,507,498,0.9822485207100592,8.142570281124499
centralized,20260813,90.0,95.0,92.5,501,493,0.9840319361277445,8.03448275862069
centralized,20260813,95.0,100.0,97.5,494,488,0.9878542510121457,7.647540983606557
centralized,20260813,100.0,105.0,102.5,510,509,0.9980392156862745,7.469548133595285
centralized,20260813,105.0,110.0,107.5,493,256,0.5192697768762677,8.1640625
centralized,20260813,110.0,115.0,112.5,494,247,0.5,8.429149797570851
centralized,20260813,115.0,120.0,117.5,518,255,0.4922779922779923,8.654901960784313
centralized,20260813,120.0,125.0,122.5,500,237,0.474,9.0084388185654
centralized,20260813,125.0,130.0,127.5,490,220,0.4489795918367347,9.14090909090909
centralized,20260813,130.0,135.0,132.5,500,180,0.36,7.7444444444444445
centralized,20260813,135.0,140.0,137.5,506,171,0.33794466403162055,7.0
centralized,20260813,140.0,145.0,142.5,498,180,0.3614457831325301,7.0
centralized,20260813,145.0,150.0,147.5,496,197,0.3971774193548387,7.0
centralized,20260813,150.0,155.0,152.5,506,499,0.9861660079051383,8.294589178356713
centralized,20260813,155.0,160.0,157.5,496,496,1.0,8.34274193548387
centralized,20260813,160.0,165.0,162.5,502,502,1.0,8.0597609561753
centralized,20260813,165.0,170.0,167.5,492,492,1.0,7.997967479674797
centralized,20260813,170.0,175.0,172.5,514,514,1.0,7.877431906614786
centralized,20260813,175.0,180.0,177.5,494,494,1.0,7.463562753036437
centralized,20260813,180.0,185.0,182.5,494,494,1.0,7.447368421052632
centralized,20260813,185.0,190.0,187.5,508,508,1.0,7.590551181102362
centralized,20260813,190.0,195.0,192.5,495,495,1.0,7.719191919191919
centralized,20260813,195.0,200.0,197.5,424,424,1.0,8.033018867924529
distributed,20260813,0.0,5.0,2.5,0,0,,
distributed,20260813,5.0,10.0,7.5,484,484,1.0,8.25206611570248
distributed,20260813,10.0,15.0,12.5,492,492,1.0,8.231707317073171
distributed,20260813,15.0,20.0,17.5,512,512,1.0,8.17578125
distributed,20260813,20.0,25.0,22.5,496,496,1.0,8.008064516129032
distributed,20260813,25.0,30.0,27.5,502,502,1.0,7.609561752988048
distributed,20260813,30.0,35.0,32.5,510,510,1.0,7.227450980392157
distributed,20260813,35.0,40.0,37.5,500,500,1.0,7.244
distributed,20260813,40.0,45.0,42.5,500,500,1.0,7.252
distributed,20260813,45.0,50.0,47.5,496,496,1.0,7.290322580645161
distributed,20260813,50.0,55.0,52.5,496,495,0.9979838709677419,9.195959595959597
distributed,20260813,55.0,60.0,57.5,500,500,1.0,8.806
distributed,20260813,60.0,65.0,62.5,492,492,1.0,8.577235772357724
distributed,20260813,65.0,70.0,67.5,500,500,1.0,8.362
distributed,20260813,70.0,75.0,72.5,516,516,1.0,8.114341085271318
distributed,20260813,75.0,80.0,77.5,496,496,1.0,8.201612903225806
distributed,20260813,80.0,85.0,82.5,500,499,0.998,8.258517034068136
distributed,20260813,85.0,90.0,87.5,490,490,1.0,8.579591836734695
distributed,20260813,90.0,95.0,92.5,498,498,1.0,8.110441767068274
distributed,20260813,95.0,100.0,97.5,503,503,1.0,7.8727634194831015
distributed,20260813,100.0,105.0,102.5,508,508,1.0,7.59251968503937
distributed,20260813,105.0,110.0,107.5,505,407,0.805940594059406,8.481572481572481
distributed,20260813,110.0,115.0,112.5,500,500,1.0,8.736
distributed,20260813,115.0,120.0,117.5,493,493,1.0,8.817444219066937
distributed,20260813,120.0,125.0,122.5,501,501,1.0,9.071856287425149
distributed,20260813,125.0,130.0,127.5,490,490,1.0,9.175510204081633
distributed,20260813,130.0,135.0,132.5,512,512,1.0,9.23046875
distributed,20260813,135.0,140.0,137.5,501,501,1.0,8.373253493013973
distributed,20260813,140.0,145.0,142.5,485,485,1.0,8.228865979381442
distributed,20260813,145.0,150.0,147.5,502,502,1.0,8.139442231075698
distributed,20260813,150.0,155.0,152.5,508,508,1.0,8.248031496062993
distributed,20260813,155.0,160.0,157.5,506,506,1.0,8.40711462450593
distributed,20260813,160.0,165.0,162.5,500,500,1.0,8.094
distributed,20260813,165.0,170.0,167.5,495,495,1.0,7.9818181818181815
distributed,20260813,170.0,175.0,172.5,507,507,1.0,7.88560157790927
distributed,20260813,175.0,180.0,177.5,492,492,1.0,7.467479674796748
distributed,20260813,180.0,185.0,182.5,496,496,1.0,7.443548387096774
distributed,20260813,185.0,190.0,187.5,504,504,1.0,7.567460317460317
distributed,20260813,190.0,195.0,192.5,504,504,1.0,7.7023809523809526
distributed,20260813,195.0,200.0,197.5,424,420,0.9905660377358491,7.95952380952381
centralized,20260814,0.0,5.0,2.5,0,0,,
centralized,20260814,5.0,10.0,7.5,485,484,0.9979381443298969,8.24793388429752
centralized,20260814,10.0,15.0,12.5,500,499,0.998,8.292585170340681
centralized,20260814,15.0,20.0,17.5,503,503,1.0,8.242544731610337
centralized,20260814,20.0,25.0,22.5,493,493,1.0,8.09127789046653
centralized,20260814,25.0,30.0,27.5,505,505,1.0,7.875247524752475
centralized,20260814,30.0,35.0,32.5,506,506,1.0,7.3478260869565215
centralized,20260814,35.0,40.0,37.5,488,488,1.0,7.282786885245901
centralized,20260814,40.0,45.0,42.5,516,515,0.998062015503876,7.300970873786408
centralized,20260814,45.0,50.0,47.5,482,482,1.0,7.352697095435684
centralized,20260814,50.0,55.0,52.5,501,496,0.9900199600798403,8.840725806451612
centralized,20260814,55.0,60.0,57.5,515,511,0.9922330097087378,8.86105675146771
centralized,20260814,60.0,65.0,62.5,494,488,0.9878542510121457,8.575819672131148
centralized,20260814,65.0,70.0,67.5,498,494,0.9919678714859438,8.218623481781377
centralized,20260814,70.0,75.0,72.5,506,502,0.9920948616600791,8.087649402390438
centralized,20260814,75.0,80.0,77.5,496,491,0.9899193548387096,7.924643584521385
centralized,20260814,80.0,85.0,82.5,491,491,1.0,7.912423625254583
centralized,20260814,85.0,90.0,87.5,512,505,0.986328125,7.924752475247525
centralized,20260814,90.0,95.0,92.5,489,477,0.9754601226993865,7.643605870020965
centralized,20260814,95.0,100.0,97.5,508,507,0.9980314960629921,7.603550295857988
centralized,20260814,100.0,105.0,102.5,508,508,1.0,7.519685039370079
centralized,20260814,105.0,110.0,107.5,492,255,0.5182926829268293,7.980392156862745
centralized,20260814,110.0,115.0,112.5,507,253,0.4990138067061144,8.118577075098814
centralized,20260814,115.0,120.0,117.5,485,236,0.4865979381443299,8.453389830508474
centralized,20260814,120.0,125.0,122.5,500,214,0.428,8.77570093457944
centralized,20260814,125.0,130.0,127.5,512,207,0.404296875,8.642512077294686
centralized,20260814,130.0,135.0,132.5,497,184,0.3702213279678068,7.858695652173913
centralized,20260814,135.0,140.0,137.5,498,172,0.3453815261044177,7.0
centralized,20260814,140.0,145.0,142.5,497,191,0.3843058350100604,7.0
centralized,20260814,145.0,150.0,147.5,504,206,0.4087301587301587,7.048543689320389
centralized,20260814,150.0,155.0,152.5,502,502,1.0,8.382470119521912
centralized,20260814,155.0,160.0,157.5,492,492,1.0,8.34349593495935
centralized,20260814,160.0,165.0,162.5,505,505,1.0,8.237623762376238
centralized,20260814,165.0,170.0,167.5,507,507,1.0,7.83629191321499
centralized,20260814,170.0,175.0,172.5,498,498,1.0,7.676706827309237
centralized,20260814,175.0,180.0,177.5,494,494,1.0,7.661943319838056
centralized,20260814,180.0,185.0,182.5,500,500,1.0,7.612
centralized,20260814,185.0,190.0,187.5,508,508,1.0,7.716535433070866
centralized,20260814,190.0,195.0,192.5,494,494,1.0,7.815789473684211
centralized,20260814,195.0,200.0,197.5,423,423,1.0,7.969267139479905
distributed,20260814,0.0,5.0,2.5,0,0,,
distributed,20260814,5.0,10.0,7.5,489,489,1.0,8.269938650306749
distributed,20260814,10.0,15.0,12.5,496,496,1.0,8.310483870967742
distributed,20260814,15.0,20.0,17.5,511,511,1.0,8.227005870841488
distributed,20260814,20.0,25.0,22.5,496,496,1.0,8.088709677419354
distributed,20260814,25.0,30.0,27.5,496,496,1.0,7.814516129032258
distributed,20260814,30.0,35.0,32.5,495,495,1.0,7.349494949494949
distributed,20260814,35.0,40.0,37.5,497,497,1.0,7.279678068410463
distributed,20260814,40.0,45.0,42.5,501,501,1.0,7.327345309381237
distributed,20260814,45.0,50.0,47.5,515,515,1.0,7.345631067961165
distributed,20260814,50.0,55.0,52.5,497,497,1.0,9.299798792756539
distributed,20260814,55.0,60.0,57.5,502,502,1.0,9.03187250996016
distributed,20260814,60.0,65.0,62.5,500,500,1.0,8.76
distributed,20260814,65.0,70.0,67.5,493,493,1.0,8.314401622718053
distributed,20260814,70.0,75.0,72.5,492,492,1.0,8.235772357723578
distributed,20260814,75.0,80.0,77.5,500,500,1.0,8.246
distributed,20260814,80.0,85.0,82.5,516,516,1.0,8.065891472868216
distributed,20260814,85.0,90.0,87.5,486,486,1.0,8.238683127572017
distributed,20260814,90.0,95.0,92.5,514,514,1.0,7.957198443579767
distributed,20260814,95.0,100.0,97.5,499,499,1.0,7.69939879759519
distributed,20260814,100.0,105.0,102.5,491,491,1.0,7.64969450101833
distributed,20260814,105.0,110.0,107.5,494,411,0.8319838056680162,8.600973236009732
distributed,20260814,110.0,115.0,112.5,498,498,1.0,8.590361445783133
distributed,20260814,115.0,120.0,117.5,514,514,1.0,8.745136186770427
distributed,20260814,120.0,125.0,122.5,496,496,1.0,9.147177419354838
distributed,20260814,125.0,130.0,127.5,490,490,1.0,9.053061224489795
distributed,20260814,130.0,135.0,132.5,510,510,1.0,9.086274509803921
distributed,20260814,135.0,140.0,137.5,494,494,1.0,8.44331983805668
distributed,20260814,140.0,145.0,142.5,514,514,1.0,8.1284046692607
distributed,20260814,145.0,150.0,147.5,500,500,1.0,8.1
distributed,20260814,150.0,155.0,152.5,490,490,1.0,8.320408163265306
distributed,20260814,155.0,160.0,157.5,501,501,1.0,8.357285429141717
distributed,20260814,160.0,165.0,162.5,506,506,1.0,8.179841897233201
distributed,20260814,165.0,170.0,167.5,499,499,1.0,7.845691382765531
distributed,20260814,170.0,175.0,172.5,500,500,1.0,7.666
distributed,20260814,175.0,180.0,177.5,497,497,1.0,7.633802816901408
distributed,20260814,180.0,185.0,182.5,505,505,1.0,7.6
distributed,20260814,185.0,190.0,187.5,496,496,1.0,7.729838709677419
distributed,20260814,190.0,195.0,192.5,495,495,1.0,7.822222222222222
distributed,20260814,195.0,200.0,197.5,418,418,1.0,7.940191387559809
centralized,20260815,0.0,5.0,2.5,0,0,,
centralized,20260815,5.0,10.0,7.5,484,484,1.0,8.227272727272727
centralized,20260815,10.0,15.0,12.5,494,494,1.0,8.257085020242915
centralized,20260815,15.0,20.0,17.5,508,508,1.0,8.228346456692913
centralized,20260815,20.0,25.0,22.5,505,505,1.0,8.259405940594059
centralized,20260815,25.0,30.0,27.5,501,501,1.0,7.956087824351298
centralized,20260815,30.0,35.0,32.5,492,492,1.0,7.280487804878049
centralized,20260815,35.0,40.0,37.5,498,498,1.0,7.236947791164659
centralized,20260815,40.0,45.0,42.5,510,510,1.0,7.250980392156863
centralized,20260815,45.0,50.0,47.5,500,500,1.0,7.388
centralized,20260815,50.0,55.0,52.5,498,496,0.9959839357429718,8.90524193548387
centralized,20260815,55.0,60.0,57.5,485,482,0.9938144329896907,8.622406639004149
centralized,20260815,60.0,65.0,62.5,521,518,0.9942418426103646,8.285714285714286
centralized,20260815,65.0,70.0,67.5,497,493,0.9919517102615694,7.967545638945233
centralized,20260815,70.0,75.0,72.5,495,494,0.997979797979798,7.993927125506073
centralized,20260815,75.0,80.0,77.5,495,489,0.9878787878787879,7.938650306748467
centralized,20260815,80.0,85.0,82.5,494,490,0.9919028340080972,7.761224489795918
centralized,20260815,85.0,90.0,87.5,509,505,0.9921414538310412,7.710891089108911
centralized,20260815,90.0,95.0,92.5,509,499,0.9803536345776032,7.69939879759519
centralized,20260815,95.0,100.0,97.5,485,475,0.979381443298969,7.677894736842105
centralized,20260815,100.0,105.0,102.5,512,509,0.994140625,7.487229862475442
centralized,20260815,105.0,110.0,107.5,484,252,0.5206611570247934,8.301587301587302
centralized,20260815,110.0,115.0,112.5,517,259,0.5009671179883946,8.05019305019305
centralized,20260815,115.0,120.0,117.5,487,242,0.49691991786447637,8.640495867768594
centralized,20260815,120.0,125.0,122.5,513,253,0.49317738791423,8.770750988142293
centralized,20260815,125.0,130.0,127.5,484,219,0.4524793388429752,8.881278538812785
centralized,20260815,130.0,135.0,132.5,514,201,0.39105058365758755,8.024875621890548
centralized,20260815,135.0,140.0,137.5,486,183,0.3765432098765432,7.0
centralized,20260815,140.0,145.0,142.5,503,200,0.3976143141153082,7.0
centralized,20260815,145.0,150.0,147.5,516,212,0.4108527131782946,7.09433962264151
centralized,20260815,150.0,155.0,152.5,489,489,1.0,8.478527607361963
centralized,20260815,155.0,160.0,157.5,503,503,1.0,8.381709741550695
centralized,20260815,160.0,165.0,162.5,506,506,1.0,8.128458498023715
centralized,20260815,165.0,170.0,167.5,488,488,1.0,7.790983606557377
centralized,20260815,170.0,175.0,172.5,510,510,1.0,7.762745098039216
centralized,20260815,175.0,180.0,177.5,500,500,1.0,7.684
centralized,20260815,180.0,185.0,182.5,485,485,1.0,7.608247422680412
centralized,20260815,185.0,190.0,187.5,507,507,1.0,7.633136094674557
centralized,20260815,190.0,195.0,192.5,511,511,1.0,7.835616438356165
centralized,20260815,195.0,200.0,197.5,421,421,1.0,8.045130641330166
distributed,20260815,0.0,5.0,2.5,0,0,,
distributed,20260815,5.0,10.0,7.5,488,488,1.0,8.237704918032787
distributed,20260815,10.0,15.0,12.5,496,496,1.0,8.237903225806452
distributed,20260815,15.0,20.0,17.5,506,506,1.0,8.235177865612648
distributed,20260815,20.0,25.0,22.5,494,494,1.0,8.293522267206479
distributed,20260815,25.0,30.0,27.5,504,504,1.0,7.942460317460317
distributed,20260815,30.0,35.0,32.5,493,493,1.0,7.273833671399594
distributed,20260815,35.0,40.0,37.5,506,506,1.0,7.241106719367589
distributed,20260815,40.0,45.0,42.5,497,497,1.0,7.2434607645875255
distributed,20260815,45.0,50.0,47.5,508,508,1.0,7.431102362204724
distributed,20260815,50.0,55.0,52.5,488,486,0.9959016393442623,9.059670781893004
distributed,20260815,55.0,60.0,57.5,500,500,1.0,8.844
distributed,20260815,60.0,65.0,62.5,508,508,1.0,8.385826771653543
distributed,20260815,65.0,70.0,67.5,507,507,1.0,8.134122287968442
distributed,20260815,70.0,75.0,72.5,495,495,1.0,8.04040404040404
distributed,20260815,75.0,80.0,77.5,490,490,1.0,8.13469387755102
distributed,20260815,80.0,85.0,82.5,513,513,1.0,7.910331384015595
distributed,20260815,85.0,90.0,87.5,495,494,0.997979797979798,7.912955465587045
distributed,20260815,90.0,95.0,92.5,508,508,1.0,7.9547244094488185
distributed,20260815,95.0,100.0,97.5,482,482,1.0,7.838174273858921
distributed,20260815,100.0,105.0,102.5,508,508,1.0,7.566929133858268
distributed,20260815,105.0,110.0,107.5,507,428,0.8441814595660749,8.64018691588785
distributed,20260815,110.0,115.0,112.5,487,487,1.0,8.494866529774127
distributed,20260815,115.0,120.0,117.5,511,511,1.0,8.79256360078278
distributed,20260815,120.0,125.0,122.5,499,499,1.0,8.927855711422845
distributed,20260815,125.0,130.0,127.5,493,493,1.0,9.095334685598377
distributed,20260815,130.0,135.0,132.5,507,506,0.9980276134122288,9.399209486166008
distributed,20260815,135.0,140.0,137.5,504,504,1.0,8.279761904761905
distributed,20260815,140.0,145.0,142.5,497,497,1.0,8.078470824949699
distributed,20260815,145.0,150.0,147.5,501,501,1.0,8.159680638722556
distributed,20260815,150.0,155.0,152.5,493,493,1.0,8.348884381338742
distributed,20260815,155.0,160.0,157.5,501,501,1.0,8.369261477045908
distributed,20260815,160.0,165.0,162.5,503,503,1.0,8.105367793240557
distributed,20260815,165.0,170.0,167.5,505,505,1.0,7.796039603960396
distributed,20260815,170.0,175.0,172.5,493,493,1.0,7.724137931034483
distributed,20260815,175.0,180.0,177.5,506,506,1.0,7.673913043478261
distributed,20260815,180.0,185.0,182.5,497,497,1.0,7.575452716297787
distributed,20260815,185.0,190.0,187.5,496,496,1.0,7.524193548387097
distributed,20260815,190.0,195.0,192.5,506,506,1.0,7.830039525691699
distributed,20260815,195.0,200.0,197.5,420,420,1.0,8.073809523809524
centralized,20260816,0.0,5.0,2.5,0,0,,
centralized,20260816,5.0,10.0,7.5,492,492,1.0,8.223577235772357
centralized,20260816,10.0,15.0,12.5,496,496,1.0,8.258064516129032
centralized,20260816,15.0,20.0,17.5,504,504,1.0,8.198412698412698
centralized,20260816,20.0,25.0,22.5,496,496,1.0,7.983870967741935
centralized,20260816,25.0,30.0,27.5,499,499,1.0,7.705410821643286
centralized,20260816,30.0,35.0,32.5,508,508,1.0,7.253937007874016
centralized,20260816,35.0,40.0,37.5,484,484,1.0,7.24793388429752
centralized,20260816,40.0,45.0,42.5,514,514,1.0,7.254863813229572
centralized,20260816,45.0,50.0,47.5,491,490,0.9979633401221996,7.353061224489796
centralized,20260816,50.0,55.0,52.5,508,505,0.9940944881889764,8.796039603960397
centralized,20260816,55.0,60.0,57.5,504,500,0.9920634920634921,8.692
centralized,20260816,60.0,65.0,62.5,498,493,0.9899598393574297,8.519269776876268
centralized,20260816,65.0,70.0,67.5,498,496,0.9959839357429718,8.258064516129032
centralized,20260816,70.0,75.0,72.5,488,484,0.9918032786885246,8.185950413223141
centralized,20260816,75.0,80.0,77.5,510,506,0.9921568627450981,8.047430830039525
centralized,20260816,80.0,85.0,82.5,490,481,0.9816326530612245,7.9501039501039505
centralized,20260816,85.0,90.0,87.5,507,503,0.9921104536489151,8.01789264413519
centralized,20260816,90.0,95.0,92.5,505,496,0.9821782178217822,7.872983870967742
centralized,20260816,95.0,100.0,97.5,504,501,0.9940476190476191,7.680638722554891
centralized,20260816,100.0,105.0,102.5,492,491,0.9979674796747967,7.4969450101833
centralized,20260816,105.0,110.0,107.5,504,258,0.5119047619047619,7.9689922480620154
centralized,20260816,110.0,115.0,112.5,488,244,0.5,8.065573770491802
centralized,20260816,115.0,120.0,117.5,511,252,0.4931506849315068,8.448412698412698
centralized,20260816,120.0,125.0,122.5,491,226,0.46028513238289204,9.13716814159292
centralized,20260816,125.0,130.0,127.5,504,217,0.4305555555555556,8.986175115207374
centralized,20260816,130.0,135.0,132.5,500,168,0.336,7.654761904761905
centralized,20260816,135.0,140.0,137.5,509,176,0.34577603143418467,7.0
centralized,20260816,140.0,145.0,142.5,485,176,0.3628865979381443,7.0
centralized,20260816,145.0,150.0,147.5,512,193,0.376953125,7.0
centralized,20260816,150.0,155.0,152.5,492,492,1.0,8.512195121951219
centralized,20260816,155.0,160.0,157.5,512,510,0.99609375,8.392156862745098
centralized,20260816,160.0,165.0,162.5,492,491,0.9979674796747967,8.338085539714868
centralized,20260816,165.0,170.0,167.5,496,496,1.0,8.17741935483871
centralized,20260816,170.0,175.0,172.5,508,508,1.0,8.15748031496063
centralized,20260816,175.0,180.0,177.5,490,490,1.0,7.6387755102040815
centralized,20260816,180.0,185.0,182.5,509,509,1.0,7.591355599214145
centralized,20260816,185.0,190.0,187.5,485,485,1.0,7.622680412371134
centralized,20260816,190.0,195.0,192.5,516,516,1.0,7.732558139534884
centralized,20260816,195.0,200.0,197.5,420,420,1.0,7.8428571428571425
distributed,20260816,0.0,5.0,2.5,0,0,,
distributed,20260816,5.0,10.0,7.5,484,484,1.0,8.223140495867769
distributed,20260816,10.0,15.0,12.5,501,501,1.0,8.267465069860279
distributed,20260816,15.0,20.0,17.5,507,507,1.0,8.189349112426035
distributed,20260816,20.0,25.0,22.5,492,492,1.0,7.995934959349594
distributed,20260816,25.0,30.0,27.5,504,504,1.0,7.722222222222222
distributed,20260816,30.0,35.0,32.5,508,508,1.0,7.248031496062992
distributed,20260816,35.0,40.0,37.5,484,484,1.0,7.25206611570248
distributed,20260816,40.0,45.0,42.5,512,512,1.0,7.25390625
distributed,20260816,45.0,50.0,47.5,495,495,1.0,7.424242424242424
distributed,20260816,50.0,55.0,52.5,501,500,0.998003992015968,9.084
distributed,20260816,55.0,60.0,57.5,491,491,1.0,8.822810590631365
distributed,20260816,60.0,65.0,62.5,517,517,1.0,8.665377176015474
distributed,20260816,65.0,70.0,67.5,495,495,1.0,8.343434343434344
distributed,20260816,70.0,75.0,72.5,497,497,1.0,8.261569416498993
distributed,20260816,75.0,80.0,77.5,496,496,1.0,8.15524193548387
distributed,20260816,80.0,85.0,82.5,500,500,1.0,8.326
distributed,20260816,85.0,90.0,87.5,508,508,1.0,8.263779527559056
distributed,20260816,90.0,95.0,92.5,494,494,1.0,8.074898785425102
distributed,20260816,95.0,100.0,97.5,493,493,1.0,7.799188640973631
distributed,20260816,100.0,105.0,102.5,501,500,0.998003992015968,7.654
distributed,20260816,105.0,110.0,107.5,516,431,0.8352713178294574,8.406032482598608
distributed,20260816,110.0,115.0,112.5,494,494,1.0,8.512145748987853
distributed,20260816,115.0,120.0,117.5,490,490,1.0,8.838775510204082
distributed,20260816,120.0,125.0,122.5,508,508,1.0,9.19488188976378
distributed,20260816,125.0,130.0,127.5,492,492,1.0,9.140243902439025
distributed,20260816,130.0,135.0,132.5,504,504,1.0,9.15079365079365
distributed,20260816,135.0,140.0,137.5,507,507,1.0,8.232741617357002
distributed,20260816,140.0,145.0,142.5,501,501,1.0,8.18562874251497
distributed,20260816,145.0,150.0,147.5,502,502,1.0,8.175298804780876
distributed,20260816,150.0,155.0,152.5,495,495,1.0,8.478787878787879
distributed,20260816,155.0,160.0,157.5,494,494,1.0,8.370445344129555
distributed,20260816,160.0,165.0,162.5,497,497,1.0,8.297786720321932
distributed,20260816,165.0,170.0,167.5,510,510,1.0,8.178431372549019
distributed,20260816,170.0,175.0,172.5,502,502,1.0,8.079681274900398
distributed,20260816,175.0,180.0,177.5,501,501,1.0,7.630738522954092
distributed,20260816,180.0,185.0,182.5,495,495,1.0,7.565656565656566
distributed,20260816,185.0,190.0,187.5,497,497,1.0,7.601609657947686
distributed,20260816,190.0,195.0,192.5,511,511,1.0,7.716242661448141
distributed,20260816,195.0,200.0,197.5,417,417,1.0,7.906474820143885
centralized,20260817,0.0,5.0,2.5,0,0,,
centralized,20260817,5.0,10.0,7.5,488,487,0.9979508196721312,8.2217659137577
centralized,20260817,10.0,15.0,12.5,507,506,0.9980276134122288,8.211462450592885
centralized,20260817,15.0,20.0,17.5,500,499,0.998,8.24248496993988
centralized,20260817,20.0,25.0,22.5,493,492,0.9979716024340771,8.024390243902438
centralized,20260817,25.0,30.0,27.5,507,507,1.0,7.680473372781065
centralized,20260817,30.0,35.0,32.5,499,498,0.9979959919839679,7.22289156626506
centralized,20260817,35.0,40.0,37.5,502,501,0.99800796812749,7.235528942115768
centralized,20260817,40.0,45.0,42.5,492,491,0.9979674796747967,7.234215885947047
centralized,20260817,45.0,50.0,47.5,496,496,1.0,7.36491935483871
centralized,20260817,50.0,55.0,52.5,512,510,0.99609375,8.992156862745098
centralized,20260817,55.0,60.0,57.5,496,492,0.9919354838709677,8.859756097560975
centralized,20260817,60.0,65.0,62.5,496,488,0.9838709677419355,8.51639344262295
centralized,20260817,65.0,70.0,67.5,488,483,0.9897540983606558,8.316770186335404
centralized,20260817,70.0,75.0,72.5,503,495,0.9840954274353877,7.929292929292929
centralized,20260817,75.0,80.0,77.5,509,507,0.9960707269155207,8.013806706114398
centralized,20260817,80.0,85.0,82.5,496,487,0.9818548387096774,8.096509240246407
centralized,20260817,85.0,90.0,87.5,496,492,0.9919354838709677,8.172764227642276
centralized,20260817,90.0,95.0,92.5,516,507,0.9825581395348837,7.90138067061144
centralized,20260817,95.0,100.0,97.5,492,481,0.9776422764227642,7.646569646569646
centralized,20260817,100.0,105.0,102.5,503,498,0.9900596421471173,7.335341365461847
centralized,20260817,105.0,110.0,107.5,498,255,0.5120481927710844,7.850980392156862
centralized,20260817,110.0,115.0,112.5,497,249,0.5010060362173038,8.265060240963855
centralized,20260817,115.0,120.0,117.5,510,254,0.4980392156862745,8.452755905511811
centralized,20260817,120.0,125.0,122.5,492,244,0.4959349593495935,8.5
centralized,20260817,125.0,130.0,127.5,496,224,0.45161290322580644,9.111607142857142
centralized,20260817,130.0,135.0,132.5,508,195,0.3838582677165354,7.815384615384615
centralized,20260817,135.0,140.0,137.5,485,166,0.3422680412371134,7.0120481927710845
centralized,20260817,140.0,145.0,142.5,515,191,0.37087378640776697,7.0
centralized,20260817,145.0,150.0,147.5,487,188,0.3860369609856263,6.99468085106383
centralized,20260817,150.0,155.0,152.5,517,513,0.9922630560928434,8.200779727095517
centralized,20260817,155.0,160.0,157.5,494,494,1.0,8.47165991902834
centralized,20260817,160.0,165.0,162.5,498,498,1.0,7.949799196787149
centralized,20260817,165.0,170.0,167.5,503,503,1.0,7.904572564612326
centralized,20260817,170.0,175.0,172.5,501,501,1.0,7.636726546906187
centralized,20260817,175.0,180.0,177.5,488,488,1.0,7.534836065573771
centralized,20260817,180.0,185.0,182.5,512,512,1.0,7.587890625
centralized,20260817,185.0,190.0,187.5,490,490,1.0,7.553061224489796
centralized,20260817,190.0,195.0,192.5,504,504,1.0,7.660714285714286
centralized,20260817,195.0,200.0,197.5,419,419,1.0,7.835322195704057
distributed,20260817,0.0,5.0,2.5,0,0,,
distributed,20260817,5.0,10.0,7.5,484,484,1.0,8.214876033057852
distributed,20260817,10.0,15.0,12.5,492,492,1.0,8.231707317073171
distributed,20260817,15.0,20.0,17.5,512,512,1.0,8.25390625
distributed,20260817,20.0,25.0,22.5,508,508,1.0,8.027559055118111
distributed,20260817,25.0,30.0,27.5,480,480,1.0,7.704166666666667
distributed,20260817,30.0,35.0,32.5,516,516,1.0,7.248062015503876
distributed,20260817,35.0,40.0,37.5,488,488,1.0,7.258196721311475
distributed,20260817,40.0,45.0,42.5,504,504,1.0,7.251984126984127
distributed,20260817,45.0,50.0,47.5,493,493,1.0,7.389452332657201
distributed,20260817,50.0,55.0,52.5,519,519,1.0,9.113680154142582
distributed,20260817,55.0,60.0,57.5,496,496,1.0,8.959677419354838
distributed,20260817,60.0,65.0,62.5,496,496,1.0,8.671370967741936
distributed,20260817,65.0,70.0,67.5,506,506,1.0,8.395256916996047
distributed,20260817,70.0,75.0,72.5,497,497,1.0,8.225352112676056
distributed,20260817,75.0,80.0,77.5,499,499,1.0,8.178356713426854
distributed,20260817,80.0,85.0,82.5,490,490,1.0,8.402040816326531
distributed,20260817,85.0,90.0,87.5,506,506,1.0,8.367588932806324
distributed,20260817,90.0,95.0,92.5,504,504,1.0,8.172619047619047
distributed,20260817,95.0,100.0,97.5,494,494,1.0,7.9271255060728745
distributed,20260817,100.0,105.0,102.5,498,498,1.0,7.437751004016064
distributed,20260817,105.0,110.0,107.5,510,414,0.8117647058823529,8.243961352657005
distributed,20260817,110.0,115.0,112.5,488,488,1.0,8.60655737704918
distributed,20260817,115.0,120.0,117.5,511,511,1.0,8.855185909980431
distributed,20260817,120.0,125.0,122.5,489,489,1.0,8.758691206543967
distributed,20260817,125.0,130.0,127.5,500,500,1.0,9.096
distributed,20260817,130.0,135.0,132.5,497,497,1.0,9.03420523138833
distributed,20260817,135.0,140.0,137.5,519,519,1.0,8.396917148362235
distributed,20260817,140.0,145.0,142.5,498,498,1.0,8.196787148594378
distributed,20260817,145.0,150.0,147.5,488,488,1.0,8.23360655737705
distributed,20260817,150.0,155.0,152.5,502,502,1.0,8.127490039840637
distributed,20260817,155.0,160.0,157.5,500,500,1.0,8.492
distributed,20260817,160.0,165.0,162.5,506,506,1.0,7.877470355731226
distributed,20260817,165.0,170.0,167.5,506,506,1.0,7.909090909090909
distributed,20260817,170.0,175.0,172.5,493,493,1.0,7.640973630831643
distributed,20260817,175.0,180.0,177.5,507,507,1.0,7.544378698224852
distributed,20260817,180.0,185.0,182.5,489,489,1.0,7.59918200408998
distributed,20260817,185.0,190.0,187.5,497,497,1.0,7.631790744466801
distributed,20260817,190.0,195.0,192.5,506,506,1.0,7.673913043478261
distributed,20260817,195.0,200.0,197.5,419,419,1.0,7.758949880668258
centralized,20260818,0.0,5.0,2.5,0,0,,
centralized,20260818,5.0,10.0,7.5,496,496,1.0,8.28225806451613
centralized,20260818,10.0,15.0,12.5,492,492,1.0,8.247967479674797
centralized,20260818,15.0,20.0,17.5,494,493,0.9979757085020243,8.137931034482758
centralized,20260818,20.0,25.0,22.5,510,508,0.996078431372549,7.921259842519685
centralized,20260818,25.0,30.0,27.5,498,498,1.0,7.785140562248996
centralized,20260818,30.0,35.0,32.5,502,502,1.0,7.2848605577689245
centralized,20260818,35.0,40.0,37.5,486,486,1.0,7.242798353909465
centralized,20260818,40.0,45.0,42.5,512,512,1.0,7.25390625
centralized,20260818,45.0,50.0,47.5,498,498,1.0,7.317269076305221
centralized,20260818,50.0,55.0,52.5,507,504,0.9940828402366864,8.847222222222221
centralized,20260818,55.0,60.0,57.5,497,495,0.9959758551307847,8.684848484848485
centralized,20260818,60.0,65.0,62.5,485,484,0.9979381443298969,8.481404958677686
centralized,20260818,65.0,70.0,67.5,515,510,0.9902912621359223,8.201960784313725
centralized,20260818,70.0,75.0,72.5,504,502,0.996031746031746,8.087649402390438
centralized,20260818,75.0,80.0,77.5,492,489,0.9939024390243902,8.14519427402863
centralized,20260818,80.0,85.0,82.5,508,506,0.9960629921259843,7.972332015810276
centralized,20260818,85.0,90.0,87.5,486,480,0.9876543209876543,7.99375
centralized,20260818,90.0,95.0,92.5,512,503,0.982421875,8.03976143141153
centralized,20260818,95.0,100.0,97.5,500,495,0.99,7.791919191919192
centralized,20260818,100.0,105.0,102.5,497,491,0.9879275653923542,7.513238289205702
centralized,20260818,105.0,110.0,107.5,489,247,0.5051124744376279,7.8785425101214575
centralized,20260818,110.0,115.0,112.5,510,254,0.4980392156862745,8.358267716535433
centralized,20260818,115.0,120.0,117.5,496,244,0.49193548387096775,8.53688524590164
centralized,20260818,120.0,125.0,122.5,506,237,0.4683794466403162,8.632911392405063
centralized,20260818,125.0,130.0,127.5,488,215,0.4405737704918033,9.074418604651163
centralized,20260818,130.0,135.0,132.5,502,171,0.34063745019920316,7.760233918128655
centralized,20260818,135.0,140.0,137.5,512,173,0.337890625,7.0
centralized,20260818,140.0,145.0,142.5,486,168,0.345679012345679,7.0
centralized,20260818,145.0,150.0,147.5,508,192,0.3779527559055118,7.0
centralized,20260818,150.0,155.0,152.5,503,503,1.0,8.510934393638172
centralized,20260818,155.0,160.0,157.5,505,505,1.0,8.326732673267326
centralized,20260818,160.0,165.0,162.5,498,498,1.0,7.985943775100401
centralized,20260818,165.0,170.0,167.5,496,496,1.0,7.850806451612903
centralized,20260818,170.0,175.0,172.5,496,496,1.0,7.782258064516129
centralized,20260818,175.0,180.0,177.5,502,502,1.0,7.607569721115538
centralized,20260818,180.0,185.0,182.5,508,508,1.0,7.570866141732283
centralized,20260818,185.0,190.0,187.5,495,495,1.0,7.763636363636364
centralized,20260818,190.0,195.0,192.5,488,488,1.0,8.014344262295081
centralized,20260818,195.0,200.0,197.5,426,426,1.0,8.307511737089202
distributed,20260818,0.0,5.0,2.5,0,0,,
distributed,20260818,5.0,10.0,7.5,493,493,1.0,8.267748478701826
distributed,20260818,10.0,15.0,12.5,501,501,1.0,8.269461077844312
distributed,20260818,15.0,20.0,17.5,495,495,1.0,8.163636363636364
distributed,20260818,20.0,25.0,22.5,499,499,1.0,7.895791583166333
distributed,20260818,25.0,30.0,27.5,507,507,1.0,7.794871794871795
distributed,20260818,30.0,35.0,32.5,489,489,1.0,7.284253578732106
distributed,20260818,35.0,40.0,37.5,512,512,1.0,7.25
distributed,20260818,40.0,45.0,42.5,482,482,1.0,7.246887966804979
distributed,20260818,45.0,50.0,47.5,510,510,1.0,7.319607843137255
distributed,20260818,50.0,55.0,52.5,506,506,1.0,8.99802371541502
distributed,20260818,55.0,60.0,57.5,484,484,1.0,8.811983471074381
distributed,20260818,60.0,65.0,62.5,512,512,1.0,8.509765625
distributed,20260818,65.0,70.0,67.5,506,506,1.0,8.337944664031621
distributed,20260818,70.0,75.0,72.5,497,497,1.0,8.126760563380282
distributed,20260818,75.0,80.0,77.5,487,487,1.0,8.182751540041068
distributed,20260818,80.0,85.0,82.5,508,508,1.0,8.0748031496063
distributed,20260818,85.0,90.0,87.5,492,492,1.0,8.247967479674797
distributed,20260818,90.0,95.0,92.5,512,512,1.0,8.36328125
distributed,20260818,95.0,100.0,97.5,490,490,1.0,7.887755102040816
distributed,20260818,100.0,105.0,102.5,510,510,1.0,7.854901960784313
distributed,20260818,105.0,110.0,107.5,487,395,0.811088295687885,8.420253164556962
distributed,20260818,110.0,115.0,112.5,511,511,1.0,8.71624266144814
distributed,20260818,115.0,120.0,117.5,506,506,1.0,8.826086956521738
distributed,20260818,120.0,125.0,122.5,484,483,0.9979338842975206,9.066252587991718
distributed,20260818,125.0,130.0,127.5,511,511,1.0,9.172211350293543
distributed,20260818,130.0,135.0,132.5,500,500,1.0,9.148
distributed,20260818,135.0,140.0,137.5,492,492,1.0,8.359756097560975
distributed,20260818,140.0,145.0,142.5,513,513,1.0,8.30214424951267
distributed,20260818,145.0,150.0,147.5,492,492,1.0,8.199186991869919
distributed,20260818,150.0,155.0,152.5,506,506,1.0,8.612648221343873
distributed,20260818,155.0,160.0,157.5,491,491,1.0,8.40325865580448
distributed,20260818,160.0,165.0,162.5,508,508,1.0,7.913385826771654
distributed,20260818,165.0,170.0,167.5,495,495,1.0,7.824242424242424
distributed,20260818,170.0,175.0,172.5,504,504,1.0,7.7023809523809526
distributed,20260818,175.0,180.0,177.5,502,502,1.0,7.605577689243028
distributed,20260818,180.0,185.0,182.5,498,498,1.0,7.606425702811245
distributed,20260818,185.0,190.0,187.5,494,494,1.0,7.813765182186235
distributed,20260818,190.0,195.0,192.5,509,509,1.0,8.017681728880158
distributed,20260818,195.0,200.0,197.5,418,418,1.0,8.232057416267942
centralized,20260819,0.0,5.0,2.5,0,0,,
centralized,20260819,5.0,10.0,7.5,485,485,1.0,8.230927835051546
centralized,20260819,10.0,15.0,12.5,511,511,1.0,8.234833659491194
centralized,20260819,15.0,20.0,17.5,493,492,0.9979716024340771,8.178861788617887
centralized,20260819,20.0,25.0,22.5,495,494,0.997979797979798,7.91497975708502
centralized,20260819,25.0,30.0,27.5,504,503,0.998015873015873,7.940357852882704
centralized,20260819,30.0,35.0,32.5,496,496,1.0,7.318548387096774
centralized,20260819,35.0,40.0,37.5,510,510,1.0,7.254901960784314
centralized,20260819,40.0,45.0,42.5,497,497,1.0,7.3199195171026155
centralized,20260819,45.0,50.0,47.5,488,488,1.0,7.381147540983607
centralized,20260819,50.0,55.0,52.5,513,512,0.9980506822612085,8.904296875
centralized,20260819,55.0,60.0,57.5,488,486,0.9959016393442623,8.74485596707819
centralized,20260819,60.0,65.0,62.5,500,494,0.988,8.510121457489879
centralized,20260819,65.0,70.0,67.5,516,512,0.9922480620155039,8.390625
centralized,20260819,70.0,75.0,72.5,484,482,0.9958677685950413,8.340248962655602
centralized,20260819,75.0,80.0,77.5,508,504,0.9921259842519685,8.347222222222221
centralized,20260819,80.0,85.0,82.5,498,493,0.9899598393574297,8.109533468559837
centralized,20260819,85.0,90.0,87.5,502,491,0.9780876494023905,7.824847250509165
centralized,20260819,90.0,95.0,92.5,492,485,0.9857723577235772,7.6474226804123715
centralized,20260819,95.0,100.0,97.5,509,499,0.9803536345776032,7.715430861723447
centralized,20260819,100.0,105.0,102.5,507,501,0.9881656804733728,7.463073852295409
centralized,20260819,105.0,110.0,107.5,491,251,0.5112016293279023,7.820717131474104
centralized,20260819,110.0,115.0,112.5,509,253,0.49705304518664045,7.980237154150197
centralized,20260819,115.0,120.0,117.5,484,238,0.49173553719008267,9.445378151260504
centralized,20260819,120.0,125.0,122.5,508,246,0.484251968503937,9.170731707317072
centralized,20260819,125.0,130.0,127.5,502,228,0.4541832669322709,9.425438596491228
centralized,20260819,130.0,135.0,132.5,505,183,0.36237623762376237,7.622950819672131
centralized,20260819,135.0,140.0,137.5,481,170,0.35343035343035345,7.0
centralized,20260819,140.0,145.0,142.5,512,202,0.39453125,7.0
centralized,20260819,145.0,150.0,147.5,504,214,0.4246031746031746,7.0
centralized,20260819,150.0,155.0,152.5,504,504,1.0,8.28968253968254
centralized,20260819,155.0,160.0,157.5,492,492,1.0,8.241869918699187
centralized,20260819,160.0,165.0,162.5,494,494,1.0,8.066801619433198
centralized,20260819,165.0,170.0,167.5,510,510,1.0,7.735294117647059
centralized,20260819,170.0,175.0,172.5,493,493,1.0,7.801217038539554
centralized,20260819,175.0,180.0,177.5,511,511,1.0,7.608610567514677
centralized,20260819,180.0,185.0,182.5,489,489,1.0,7.54601226993865
centralized,20260819,185.0,190.0,187.5,496,496,1.0,7.556451612903226
centralized,20260819,190.0,195.0,192.5,507,507,1.0,7.790927021696253
centralized,20260819,195.0,200.0,197.5,420,420,1.0,7.957142857142857
distributed,20260819,0.0,5.0,2.5,0,0,,
distributed,20260819,5.0,10.0,7.5,491,491,1.0,8.226069246435845
distributed,20260819,10.0,15.0,12.5,493,493,1.0,8.253549695740364
distributed,20260819,15.0,20.0,17.5,510,510,1.0,8.176470588235293
distributed,20260819,20.0,25.0,22.5,490,490,1.0,7.942857142857143
distributed,20260819,25.0,30.0,27.5,512,512,1.0,7.94921875
distributed,20260819,30.0,35.0,32.5,500,500,1.0,7.312
distributed,20260819,35.0,40.0,37.5,493,493,1.0,7.261663286004056
distributed,20260819,40.0,45.0,42.5,499,499,1.0,7.306613226452906
distributed,20260819,45.0,50.0,47.5,508,508,1.0,7.405511811023622
distributed,20260819,50.0,55.0,52.5,492,491,0.9979674796747967,9.317718940936864
distributed,20260819,55.0,60.0,57.5,502,502,1.0,8.818725099601593
distributed,20260819,60.0,65.0,62.5,490,490,1.0,8.693877551020408
distributed,20260819,65.0,70.0,67.5,508,508,1.0,8.551181102362206
distributed,20260819,70.0,75.0,72.5,505,505,1.0,8.388118811881188
distributed,20260819,75.0,80.0,77.5,498,498,1.0,8.461847389558233
distributed,20260819,80.0,85.0,82.5,501,501,1.0,8.347305389221557
distributed,20260819,85.0,90.0,87.5,484,484,1.0,8.442148760330578
distributed,20260819,90.0,95.0,92.5,519,519,1.0,7.830443159922929
distributed,20260819,95.0,100.0,97.5,485,485,1.0,7.8391752577319584
distributed,20260819,100.0,105.0,102.5,498,498,1.0,7.765060240963855
distributed,20260819,105.0,110.0,107.5,514,422,0.8210116731517509,8.27962085308057
distributed,20260819,110.0,115.0,112.5,488,488,1.0,8.524590163934427
distributed,20260819,115.0,120.0,117.5,512,512,1.0,9.21484375
distributed,20260819,120.0,125.0,122.5,488,488,1.0,9.12704918032787
distributed,20260819,125.0,130.0,127.5,508,508,1.0,9.346456692913385
distributed,20260819,130.0,135.0,132.5,508,508,1.0,9.007874015748031
distributed,20260819,135.0,140.0,137.5,497,497,1.0,8.257545271629779
distributed,20260819,140.0,145.0,142.5,499,499,1.0,8.206412825651302
distributed,20260819,145.0,150.0,147.5,488,488,1.0,8.020491803278688
distributed,20260819,150.0,155.0,152.5,504,504,1.0,8.41468253968254
distributed,20260819,155.0,160.0,157.5,507,507,1.0,8.285996055226825
distributed,20260819,160.0,165.0,162.5,502,502,1.0,8.055776892430279
distributed,20260819,165.0,170.0,167.5,499,499,1.0,7.781563126252505
distributed,20260819,170.0,175.0,172.5,503,503,1.0,7.789264413518887
distributed,20260819,175.0,180.0,177.5,495,495,1.0,7.63030303030303
distributed,20260819,180.0,185.0,182.5,498,498,1.0,7.528112449799197
distributed,20260819,185.0,190.0,187.5,494,494,1.0,7.580971659919029
distributed,20260819,190.0,195.0,192.5,506,506,1.0,7.6857707509881426
distributed,20260819,195.0,200.0,197.5,422,422,1.0,7.855450236966824
centralized,20260820,0.0,5.0,2.5,0,0,,
centralized,20260820,5.0,10.0,7.5,484,484,1.0,8.276859504132231
centralized,20260820,10.0,15.0,12.5,512,512,1.0,8.25
centralized,20260820,15.0,20.0,17.5,486,485,0.9979423868312757,8.183505154639175
centralized,20260820,20.0,25.0,22.5,510,510,1.0,7.962745098039216
centralized,20260820,25.0,30.0,27.5,504,504,1.0,7.880952380952381
centralized,20260820,30.0,35.0,32.5,488,488,1.0,7.282786885245901
centralized,20260820,35.0,40.0,37.5,508,508,1.0,7.244094488188976
centralized,20260820,40.0,45.0,42.5,488,488,1.0,7.25
centralized,20260820,45.0,50.0,47.5,516,516,1.0,7.3062015503875966
centralized,20260820,50.0,55.0,52.5,484,483,0.9979338842975206,8.973084886128364
centralized,20260820,55.0,60.0,57.5,508,506,0.9960629921259843,8.968379446640316
centralized,20260820,60.0,65.0,62.5,492,488,0.991869918699187,8.668032786885245
centralized,20260820,65.0,70.0,67.5,512,508,0.9921875,8.37007874015748
centralized,20260820,70.0,75.0,72.5,494,491,0.9939271255060729,8.040733197556008
centralized,20260820,75.0,80.0,77.5,502,498,0.9920318725099602,8.04417670682731
centralized,20260820,80.0,85.0,82.5,508,502,0.9881889763779528,8.01394422310757
centralized,20260820,85.0,90.0,87.5,500,494,0.988,8.208502024291498
centralized,20260820,90.0,95.0,92.5,496,483,0.9737903225806451,7.786749482401656
centralized,20260820,95.0,100.0,97.5,498,495,0.9939759036144579,7.416161616161616
centralized,20260820,100.0,105.0,102.5,488,483,0.9897540983606558,7.3602484472049685
centralized,20260820,105.0,110.0,107.5,514,270,0.5252918287937743,7.9037037037037035
centralized,20260820,110.0,115.0,112.5,490,246,0.5020408163265306,8.0
centralized,20260820,115.0,120.0,117.5,506,253,0.5,8.367588932806324
centralized,20260820,120.0,125.0,122.5,506,238,0.47035573122529645,8.878151260504202
centralized,20260820,125.0,130.0,127.5,485,220,0.4536082474226804,8.954545454545455
centralized,20260820,130.0,135.0,132.5,511,192,0.37573385518590996,7.697916666666667
centralized,20260820,135.0,140.0,137.5,506,180,0.3557312252964427,7.0
centralized,20260820,140.0,145.0,142.5,495,195,0.3939393939393939,7.0
centralized,20260820,145.0,150.0,147.5,489,214,0.4376278118609407,7.046728971962617
centralized,20260820,150.0,155.0,152.5,508,508,1.0,8.145669291338583
centralized,20260820,155.0,160.0,157.5,496,496,1.0,8.17741935483871
centralized,20260820,160.0,165.0,162.5,498,498,1.0,7.901606425702811
centralized,20260820,165.0,170.0,167.5,506,506,1.0,7.760869565217392
centralized,20260820,170.0,175.0,172.5,508,508,1.0,7.551181102362205
centralized,20260820,175.0,180.0,177.5,482,482,1.0,7.580912863070539
centralized,20260820,180.0,185.0,182.5,513,513,1.0,7.4678362573099415
centralized,20260820,185.0,190.0,187.5,491,491,1.0,7.572301425661914
centralized,20260820,190.0,195.0,192.5,514,514,1.0,7.784046692607004
centralized,20260820,195.0,200.0,197.5,410,410,1.0,7.9365853658536585
distributed,20260820,0.0,5.0,2.5,0,0,,
distributed,20260820,5.0,10.0,7.5,490,490,1.0,8.283673469387756
distributed,20260820,10.0,15.0,12.5,495,495,1.0,8.252525252525253
distributed,20260820,15.0,20.0,17.5,501,501,1.0,8.211576846307386
distributed,20260820,20.0,25.0,22.5,510,510,1.0,8.003921568627451
distributed,20260820,25.0,30.0,27.5,494,494,1.0,7.896761133603239
distributed,20260820,30.0,35.0,32.5,492,492,1.0,7.286585365853658
distributed,20260820,35.0,40.0,37.5,514,514,1.0,7.249027237354086
distributed,20260820,40.0,45.0,42.5,496,496,1.0,7.25
distributed,20260820,45.0,50.0,47.5,490,490,1.0,7.3040816326530615
distributed,20260820,50.0,55.0,52.5,514,514,1.0,9.058365758754864
distributed,20260820,55.0,60.0,57.5,493,493,1.0,9.095334685598377
distributed,20260820,60.0,65.0,62.5,488,488,1.0,8.795081967213115
distributed,20260820,65.0,70.0,67.5,516,516,1.0,8.531007751937985
distributed,20260820,70.0,75.0,72.5,486,486,1.0,8.141975308641975
distributed,20260820,75.0,80.0,77.5,514,514,1.0,8.149805447470817
distributed,20260820,80.0,85.0,82.5,495,495,1.0,8.2
distributed,20260820,85.0,90.0,87.5,494,494,1.0,8.334008097165992
distributed,20260820,90.0,95.0,92.5,510,510,1.0,8.18235294117647
distributed,20260820,95.0,100.0,97.5,496,496,1.0,7.495967741935484
distributed,20260820,100.0,105.0,102.5,508,508,1.0,7.53740157480315
distributed,20260820,105.0,110.0,107.5,496,424,0.8548387096774194,8.419811320754716
distributed,20260820,110.0,115.0,112.5,500,500,1.0,8.472
distributed,20260820,115.0,120.0,117.5,504,504,1.0,8.744047619047619
distributed,20260820,120.0,125.0,122.5,484,484,1.0,9.082644628099173
distributed,20260820,125.0,130.0,127.5,516,516,1.0,9.131782945736434
distributed,20260820,130.0,135.0,132.5,490,490,1.0,9.036734693877552
distributed,20260820,135.0,140.0,137.5,500,500,1.0,8.276
distributed,20260820,140.0,145.0,142.5,501,501,1.0,8.145708582834331
distributed,20260820,145.0,150.0,147.5,509,509,1.0,8.072691552062869
distributed,20260820,150.0,155.0,152.5,496,496,1.0,8.19758064516129
distributed,20260820,155.0,160.0,157.5,496,496,1.0,8.171370967741936
distributed,20260820,160.0,165.0,162.5,496,496,1.0,7.846774193548387
distributed,20260820,165.0,170.0,167.5,508,508,1.0,7.724409448818897
distributed,20260820,170.0,175.0,172.5,490,490,1.0,7.561224489795919
distributed,20260820,175.0,180.0,177.5,498,498,1.0,7.502008032128514
distributed,20260820,180.0,185.0,182.5,508,508,1.0,7.450787401574803
distributed,20260820,185.0,190.0,187.5,500,500,1.0,7.556
distributed,20260820,190.0,195.0,192.5,499,499,1.0,7.865731462925852
distributed,20260820,195.0,200.0,197.5,429,429,1.0,7.876456876456876
